{"cameraMode":{"drawMode":0,"name":"Shaded","section":"Shading Mode"},"sceneLighting":true,"audioPlay":false,"sceneViewState":{"showFog":true,"showMaterialUpdate":true,"showSkybox":true,"showFlares":true,"showImageEffects":true,"showParticleSystems":true},"in2DMode":false,"pivot":{"x":-8.150383949279786,"y":-17.399993896484376,"z":3.689607858657837},"rotation":{"x":0.5760373473167419,"y":-0.4213413894176483,"z":-0.4558418393135071,"w":-0.5324773788452148},"size":37.283592224121097,"orthographic":false}