{"cameraMode":{"drawMode":0,"name":"Shaded","section":"Shading Mode"},"sceneLighting":true,"audioPlay":false,"sceneViewState":{"showFog":true,"showMaterialUpdate":true,"showSkybox":true,"showFlares":true,"showImageEffects":true,"showParticleSystems":true},"in2DMode":false,"pivot":{"x":-0.024029970169067384,"y":37.01036834716797,"z":-12.100834846496582},"rotation":{"x":-0.06267213821411133,"y":-0.6473776698112488,"z":0.06037772074341774,"w":-0.7575486302375794},"size":1.2036168575286866,"orthographic":false}