{"cameraMode":{"drawMode":0,"name":"Shaded","section":"Shading Mode"},"sceneLighting":true,"audioPlay":false,"sceneViewState":{"showFog":true,"showMaterialUpdate":true,"showSkybox":true,"showFlares":true,"showImageEffects":true,"showParticleSystems":true},"in2DMode":false,"pivot":{"x":-11.035902976989746,"y":15.296409606933594,"z":-4.0821123123168949},"rotation":{"x":-0.25076770782470705,"y":-0.2741728723049164,"z":0.07422453165054321,"w":-0.9254586100578308},"size":12.213481903076172,"orthographic":false}