{"cameraMode":{"drawMode":0,"name":"Shaded","section":"Shading Mode"},"sceneLighting":true,"audioPlay":false,"sceneViewState":{"showFog":true,"showMaterialUpdate":true,"showSkybox":true,"showFlares":true,"showImageEffects":true,"showParticleSystems":true},"in2DMode":false,"pivot":{"x":-0.7020721435546875,"y":1.1268692016601563,"z":0.201690673828125},"rotation":{"x":-0.07847349345684052,"y":0.31665781140327456,"z":-0.039256177842617038,"w":-0.9450831413269043},"size":106.7713623046875,"orthographic":false}