{"cameraMode":{"drawMode":0,"name":"Shaded","section":"Shading Mode"},"sceneLighting":true,"audioPlay":false,"sceneViewState":{"showFog":true,"showMaterialUpdate":true,"showSkybox":true,"showFlares":true,"showImageEffects":true,"showParticleSystems":true},"in2DMode":false,"pivot":{"x":-3.4435811042785646,"y":7.5155720710754398,"z":-21.87824821472168},"rotation":{"x":0.0928778350353241,"y":0.8984538316726685,"z":-0.31331348419189455,"w":0.29478931427001955},"size":17.743366241455079,"orthographic":false}