{"cameraMode":{"drawMode":0,"name":"Shaded","section":"Shading Mode"},"sceneLighting":true,"audioPlay":false,"sceneViewState":{"showFog":true,"showMaterialUpdate":true,"showSkybox":true,"showFlares":true,"showImageEffects":true,"showParticleSystems":true},"in2DMode":false,"pivot":{"x":16.154632568359376,"y":36.469627380371097,"z":0.618079423904419},"rotation":{"x":0.41462910175323489,"y":0.5741474032402039,"z":-0.41894498467445376,"w":0.5683830976486206},"size":16.889686584472658,"orthographic":false}