{"cameraMode":{"drawMode":0,"name":"Shaded","section":"Shading Mode"},"sceneLighting":true,"audioPlay":false,"sceneViewState":{"showFog":true,"showMaterialUpdate":true,"showSkybox":true,"showFlares":true,"showImageEffects":true,"showParticleSystems":true},"in2DMode":false,"pivot":{"x":-4.725697040557861,"y":25.3896427154541,"z":-1.7360939979553223},"rotation":{"x":0.17443311214447022,"y":0.13034462928771974,"z":-0.015432124957442284,"w":0.9763824939727783},"size":13.516724586486817,"orthographic":false}