{"cameraMode":{"drawMode":0,"name":"Shaded","section":"Shading Mode"},"sceneLighting":true,"audioPlay":false,"sceneViewState":{"showFog":true,"showMaterialUpdate":true,"showSkybox":true,"showFlares":true,"showImageEffects":true,"showParticleSystems":true},"in2DMode":false,"pivot":{"x":39.884498596191409,"y":-7.324395179748535,"z":3.733558416366577},"rotation":{"x":0.632358729839325,"y":0.1375432163476944,"z":-0.7517983317375183,"w":0.13033431768417359},"size":17.128114700317384,"orthographic":false}