{"cameraMode":{"drawMode":0,"name":"Shaded","section":"Shading Mode"},"sceneLighting":true,"audioPlay":false,"sceneViewState":{"showFog":true,"showMaterialUpdate":true,"showSkybox":true,"showFlares":true,"showImageEffects":true,"showParticleSystems":true},"in2DMode":false,"pivot":{"x":13.827030181884766,"y":-2.0813331604003908,"z":-0.8436069488525391},"rotation":{"x":-0.04043053090572357,"y":-0.8769791126251221,"z":-0.07761010527610779,"w":0.47293394804000857},"size":87.06505584716797,"orthographic":false}