{"cameraMode":{"drawMode":0,"name":"Shaded","section":"Shading Mode"},"sceneLighting":true,"audioPlay":false,"sceneViewState":{"showFog":true,"showMaterialUpdate":true,"showSkybox":true,"showFlares":true,"showImageEffects":true,"showParticleSystems":true},"in2DMode":false,"pivot":{"x":15.542303085327149,"y":18.735130310058595,"z":7.0248799324035648},"rotation":{"x":0.33057501912117007,"y":0.5111105442047119,"z":-0.2235422283411026,"w":0.7615246176719666},"size":20.891056060791017,"orthographic":false}