{"cameraMode":{"drawMode":0,"name":"Shaded","section":"Shading Mode"},"sceneLighting":true,"audioPlay":false,"sceneViewState":{"showFog":true,"showMaterialUpdate":true,"showSkybox":true,"showFlares":true,"showImageEffects":true,"showParticleSystems":true},"in2DMode":false,"pivot":{"x":0.12875190377235413,"y":22.032995223999025,"z":0.6330438852310181},"rotation":{"x":-0.7548251152038574,"y":0.2220734804868698,"z":0.5131887793540955,"w":0.34377336502075198},"size":252.88270568847657,"orthographic":false}