{"cameraMode":{"drawMode":0,"name":"Shaded","section":"Shading Mode"},"sceneLighting":false,"audioPlay":false,"sceneViewState":{"showFog":true,"showMaterialUpdate":true,"showSkybox":false,"showFlares":true,"showImageEffects":true,"showParticleSystems":true},"in2DMode":false,"pivot":{"x":13.827030181884766,"y":-2.0813331604003908,"z":-0.8436069488525391},"rotation":{"x":-0.11777462810277939,"y":-0.7763428688049316,"z":-0.15465758740901948,"w":0.599941074848175},"size":87.06505584716797,"orthographic":false}