{"cameraMode":{"drawMode":0,"name":"Shaded","section":"Shading Mode"},"sceneLighting":true,"audioPlay":false,"sceneViewState":{"showFog":true,"showMaterialUpdate":true,"showSkybox":true,"showFlares":true,"showImageEffects":true,"showParticleSystems":true},"in2DMode":false,"pivot":{"x":0.33056703209877016,"y":22.424875259399415,"z":-3.0271542072296144},"rotation":{"x":-0.004471483640372753,"y":0.6162092685699463,"z":-0.0035119648091495039,"w":-0.7875921726226807},"size":9.634880065917969,"orthographic":false}