{"cameraMode":{"drawMode":0,"name":"Shaded","section":"Shading Mode"},"sceneLighting":true,"audioPlay":false,"sceneViewState":{"showFog":true,"showMaterialUpdate":true,"showSkybox":true,"showFlares":true,"showImageEffects":true,"showParticleSystems":true},"in2DMode":false,"pivot":{"x":4.364768981933594,"y":36.712005615234378,"z":0.4882240295410156},"rotation":{"x":-0.05786769092082977,"y":-0.7306857705116272,"z":-0.06238330528140068,"w":0.6774346232414246},"size":30.467710494995118,"orthographic":false}