{"cameraMode":{"drawMode":0,"name":"Shaded","section":"Shading Mode"},"sceneLighting":true,"audioPlay":false,"sceneViewState":{"showFog":true,"showMaterialUpdate":true,"showSkybox":true,"showFlares":true,"showImageEffects":true,"showParticleSystems":true},"in2DMode":false,"pivot":{"x":21.10327911376953,"y":0.32055652141571047,"z":2.6521973609924318},"rotation":{"x":0.7243280410766602,"y":0.27446529269218447,"z":-0.4349386692047119,"w":0.45978185534477236},"size":6.494036674499512,"orthographic":false}