{"cameraMode":{"drawMode":0,"name":"Shaded","section":"Shading Mode"},"sceneLighting":true,"audioPlay":false,"sceneViewState":{"showFog":true,"showMaterialUpdate":true,"showSkybox":true,"showFlares":true,"showImageEffects":true,"showParticleSystems":true},"in2DMode":false,"pivot":{"x":-21.548995971679689,"y":-12.20743179321289,"z":-11.253198623657227},"rotation":{"x":0.37377047538757326,"y":-0.5455904006958008,"z":-0.28106850385665896,"w":-0.6960822939872742},"size":8.128774642944336,"orthographic":false}