{"cameraMode":{"drawMode":0,"name":"Shaded","section":"Shading Mode"},"sceneLighting":true,"audioPlay":false,"sceneViewState":{"showFog":true,"showMaterialUpdate":true,"showSkybox":true,"showFlares":true,"showImageEffects":true,"showParticleSystems":true},"in2DMode":false,"pivot":{"x":-7.571508407592773,"y":16.247121810913087,"z":-13.882474899291993},"rotation":{"x":0.050116874277591708,"y":-0.9559669494628906,"z":0.21209098398685456,"w":0.19812040030956269},"size":10.890828132629395,"orthographic":false}