{"cameraMode":{"drawMode":0,"name":"Shaded","section":"Shading Mode"},"sceneLighting":true,"audioPlay":false,"sceneViewState":{"showFog":true,"showMaterialUpdate":true,"showSkybox":true,"showFlares":true,"showImageEffects":true,"showParticleSystems":true},"in2DMode":false,"pivot":{"x":-17.83247184753418,"y":-16.005048751831056,"z":-19.168521881103517},"rotation":{"x":-0.39633429050445559,"y":0.3003631830215454,"z":0.1376674622297287,"w":0.8567350506782532},"size":3.414339303970337,"orthographic":false}