{"cameraMode":{"drawMode":0,"name":"Shaded","section":"Shading Mode"},"sceneLighting":true,"audioPlay":false,"sceneViewState":{"showFog":true,"showMaterialUpdate":true,"showSkybox":true,"showFlares":true,"showImageEffects":true,"showParticleSystems":true},"in2DMode":false,"pivot":{"x":13.827030181884766,"y":-2.081331253051758,"z":-0.8436050415039063},"rotation":{"x":-0.5145967602729797,"y":-0.4821896255016327,"z":0.5399265289306641,"w":-0.45960038900375368},"size":53.5363655090332,"orthographic":false}