{"cameraMode":{"drawMode":0,"name":"Shaded","section":"Shading Mode"},"sceneLighting":true,"audioPlay":false,"sceneViewState":{"showFog":true,"showMaterialUpdate":true,"showSkybox":true,"showFlares":true,"showImageEffects":true,"showParticleSystems":true},"in2DMode":false,"pivot":{"x":19.063037872314454,"y":12.890609741210938,"z":5.505865097045898},"rotation":{"x":-0.043588194996118548,"y":-0.8045738935470581,"z":-0.06170853599905968,"w":0.5893924832344055},"size":36.73561096191406,"orthographic":false}