{"cameraMode":{"drawMode":0,"name":"Shaded","section":"Shading Mode"},"sceneLighting":true,"audioPlay":false,"sceneViewState":{"showFog":true,"showMaterialUpdate":true,"showSkybox":true,"showFlares":true,"showImageEffects":true,"showParticleSystems":true},"in2DMode":false,"pivot":{"x":9.692391395568848,"y":14.199333190917969,"z":11.538138389587403},"rotation":{"x":-0.42803627252578738,"y":-0.25748205184936526,"z":0.12053282558917999,"w":-0.8586865067481995},"size":6.693543910980225,"orthographic":false}