{"cameraMode":{"drawMode":0,"name":"Shaded","section":"Shading Mode"},"sceneLighting":true,"audioPlay":false,"sceneViewState":{"showFog":true,"showMaterialUpdate":true,"showSkybox":true,"showFlares":true,"showImageEffects":true,"showParticleSystems":true},"in2DMode":false,"pivot":{"x":-15.666627883911133,"y":-4.328714370727539,"z":-9.751254081726075},"rotation":{"x":0.6598585844039917,"y":-0.32897651195526125,"z":-0.39594945311546328,"w":-0.5486665964126587},"size":12.134963035583496,"orthographic":false}