{"cameraMode":{"drawMode":0,"name":"Shaded","section":"Shading Mode"},"sceneLighting":false,"audioPlay":false,"sceneViewState":{"showFog":true,"showMaterialUpdate":true,"showSkybox":false,"showFlares":true,"showImageEffects":true,"showParticleSystems":true},"in2DMode":false,"pivot":{"x":26.498960494995118,"y":-21.45734977722168,"z":0.8302435874938965},"rotation":{"x":-0.2704826891422272,"y":-0.5932862758636475,"z":-0.221843421459198,"w":0.7251078486442566},"size":7.892544269561768,"orthographic":false}