{"cameraMode":{"drawMode":0,"name":"Shaded","section":"Shading Mode"},"sceneLighting":true,"audioPlay":false,"sceneViewState":{"showFog":true,"showMaterialUpdate":true,"showSkybox":true,"showFlares":true,"showImageEffects":true,"showParticleSystems":true},"in2DMode":false,"pivot":{"x":0.029833026230335237,"y":23.268075942993165,"z":0.0048059821128845219},"rotation":{"x":-0.09477777779102326,"y":-0.8768947720527649,"z":0.2091471254825592,"w":-0.4230629503726959},"size":3.099173069000244,"orthographic":false}